"Title", "Description"
"Biomedical Engineering Seminar I", "Seminar series given by instructor, invited experts, and students with focus on biomedical electronics, medical devices, rehabilitation engineering, medical instrumentation, and biomedical ethics."
"Introduction to Biomechanics", "Engineering analysis of the human body in equilibrium, biological tissue mechanics (stress and strain), elementary beam theory (bending and torsion) applied to bones."
"Biomedical Engineering Seminar II", "Seminar series given by instructor, invited experts, and students with focus on physiological system modeling, biomechanics, biomaterials, tissue engineering, artificial organs, and biosensors; assignments involving design and 3D printing."
"Bioelectricity", "Quantitative analysis of electrical phenomena in biological cells, tissues, and organs. Action potentials and propagation in neurons, cardiac and skeletal muscle."
"Biomeasurement", "Principles of biomeasurement, patient safety, embedded system design with microcontrollers, programming with assembly and C++ languages, interrupts, timer, real-time digital filters, electrocardiogram (ECG) instrumentation, QRS detection, heart rate meter."
"Biomeasurement Laboratory", "Constructing and experimenting with embedded systems using microcontrollers, implementing real-time digital filters with assembly and C++ languages, constructing an electrocardiogram (ECG) amplifier, implementing QRS detection and heart rate meter."
"Biomedical Instrumentation Design", "Fundamentals of diagnostic and therapeutic devices, engineering standards, and regulations for medical devices; basic electronics, safety, noise rejection, and biomedical signal processing; design of embedded and handheld systems."
"Biomedical Instrumentation Design Laboratory", "Hands-on applications of electronics, embedded and handheld devices to biomedical instrumentation systems including electrocardiogram, photoplethysmogram, motion sensor, and electronic stethoscope."
"Special Problems", "Independent study of special engineering problems. Topic and number of credits determined in consultation with the instructor."
"Physiological Modeling and Control", "Principles of physiological modeling and control of linear and nonlinear systems, stability analysis, root locus, Bode plots, linearization."
"Biomedical Instrumentation Laboratory", "Development of a portable heart function monitor that measures the electrocardiogram and photoplethysmogram; embedded system design using instrumentation amplifier, op-amp, graphic LCD module, and PIC microprocessor with C programming."
"Medical Imaging", "Engineering and clinical applications of medical imaging systems including X-ray, computed tomography, radioisotope imaging, ultrasound, magnetic resonance imaging; picture archiving and communication system and medical image processing."
"Medical Image Processing Laboratory", "Development of medical imaging processing algorithms with graphical user interface in C++ under the Windows operating system; smoothing and sharpening filters, morphological filters, area measurement and edge tracer."
"Biomaterials Engineering", "A biomaterial is any material designed to interact with a biological system. This course will examine the structure, properties, and processing of biomaterials in a wide variety of biomedical applications."
"Neural Engineering", "Principles and technologies of neuroengineering and clinical applications; brain stimulator, spinal cord stimulation, functional electrical stimulation (FES), neural-machine interface for motor prosthesis control, artificial visual/auditory devices for augmented sensory perception."
"Brain Signal Processing and Applications", "Presents advanced techniques in brain signal processing including time-frequency analysis (e.g., wavelet), spatial filters (e.g., Laplacian filters), data reduction techniques (e.g., PCA), and machine learning algorithms (e.g., LDA)."
"Biomedical Engineering Seminar III", "Seminar series given by instructor, invited experts, and students with focus on biomedical signals and systems, computers in medicine, technologies for health care, and biomedical ethics."
"Biomedical Engineering Capstone Design I", "Applications of engineering skills; team projects in biomedical areas such as neuroengineering, assistive technology, cardiopulmonary measurements, medical imaging, and modeling of physiological systems. First of a two-course sequence."
"Biomedical Engineering Capstone Design II", "Applications of engineering skills; team projects in biomedical areas such as neuroengineering, assistive technology, cardiopulmonary measurements, medical imaging, and modeling of physiological systems.of a two-course sequence. "
"Special Problems", "Independent study of special engineering problems. Topic and number of credits determined in consultation with the instructor. Not for graduate credit."
"Nanotechnology: It's a Small World", "Introduction to fundamental concepts of nanotechnology and its applications, while also providing a basic understanding of the social and ethical implications of implementing nanotechnology in everyday life."
"Chemical Process Calculations", "Orientation to chemical and biological engineering, material and energy balance computations on chemical processes, use of gas laws, vapor pressure, humidity, solubility, and crystallization."
"Chemical Engineering Thermodynamics I", "Applications of the first, second, and third laws of thermodynamics involving thermophysics, thermochemistry, energy balances, combustion, power cycles, refrigeration and properties of pure fluids."
"Materials Science and Engineering", "Fundamentals of physical metallurgy as they apply particularly to the engineering metals and their alloys. Properties, characteristics, and structure of metals, theory of alloys, thermal processing, and studies in corrosion."
"Introduction to Chemical Engineering Calculations", "Introduction to the use of computers and numerical methods, including numerical solution of differential equations as applied to chemical and biological engineering."
"Chemical Engineering Thermodynamics II", "Continuation of Chemical Engineering Thermodynamics with applications to thermodynamics of mixtures, phase and chemical equilibria."
"Chemical Engineering Microlaboratory", "Use of microprocessors, A/D and D/A converters, sensors, and control hardware to analyze and control laboratory-scale processes."
"Engineering Materials", "First course in engineering materials devoted largely, but not exclusively, to physical metallurgy. Includes structure and properties of pure substances and binary systems at equilibrium and, when used intentionally, at nonequilibrium."
"Transfer Operations I", "Dimensional analysis; fluid statics; mass, energy, and momentum balances for fluid systems, boundary layers, turbulence, incompressible flow; flow through fixed beds of solids and fluidized beds; filtration."
"Transfer Operations II", "Heat and mass transfer: conduction, convection, radiation, diffusion, transport analogies and equipment design. Biological applications and some separations are covered."
"Chemical Kinetics and Reactor Design", "Mole balances in batch and continuous chemical reactors; reaction rate fundamentals; isothermal and non-isothermal chemical reactors."
"Process Dynamics and Control", "Principles involved in automatic control of processing plants. Modeling and responses of dynamic systems, feedback control."
"Professional Experience", "Mandatory CHE seminar attendance and written reports. Plant trips may be included."
"Failure Analysis and Prevention", "Failure analysis of engineering components. Examples of overload, fatigue, creep, corrosion, and electrical failures in metals, glasses, ceramics, composites, polymers, concrete, and semiconductors. Case studies, microscopic techniques, and prevention are emphasized."
"Chemical Engineering Laboratory", "Quantitative studies illustrating chemical engineering principles. Emphasis on report writing and the interpretation of experimental data."
"Chemical Engineering Laboratory", "Quantitative studies illustrating chemical engineering principles. Emphasis on report writing and the interpretation of experimental data."
"Transfer Operations III", "Theory, design and application of separation processes with a focus on equilibrium stage operations. Integrated processes and new technologies will be examined."
"Plant Design and Economics I", "Elements of plant and process design integrating the principles learned in previous courses. Emphasis is on optimum economic design and the writing of reports."
"Plant Design and Economics II", "Elements of plant and process design integrating the principles learned in previous courses. Emphasis is on optimum economic design and the writing of reports."
"Biomaterials Engineering", "A biomaterial is any material designed to interact with a biological system. This course will examine the structure, properties, and processing of biomaterials in a wide variety of biomedical applications."
"Nuclear Reactor Engineering", "Energy production from nuclear reactions, cross sections, number density, and binding energy. Fission process, neutron life cycle, criticality, neutron diffusion, reactor design, reactor kinetics and control, reactivity feedback, nuclear system design."
"Power Plant System Design and Safety Analysis", "Energy production, power systems, energy conversion system design, safety engineering and design, phenomenological modeling and analysis, probabilistic risk assessment, risk-informed design, advanced power plant systems design."
"Nuclear Fuel Cycle and Performance", "Analysis and design of stages of the nuclear fuel cycle including mining, milling, conversion, enrichment, fuel fabrication, fuel burn-up, spent fuel interim storage, reprocessing, safety and aspects of high level waste."
"Nuclear Reactor Thermal-Hydraulics", "Nuclear heat generation, decay heat, heat transport, and conductive, convective, and phase change heat removal in nuclear reactor systems."
"Mechanics of Materials in Nuclear Applications", "Nuclear systems, material microstructure and mechanical properties, high temperature deformation mechanisms, radiation effects, reactor materials, materials selection for primary and secondary cycles."
"Special Problems", "Advanced work under the supervision of a faculty member arranged to suit the individual requirements of the student. "
"Special Problems", "Advanced work under the supervision of a faculty member arranged to suit the individual requirements of the student. "
"Graduate Seminar", "Seminars presented by speakers from academia and industry.a maximum of 1 credit per year allowed. May be repeated for a maximum of 2 credits. S/U credit."
"Graduate Seminar", "Seminars presented by speakers from academia and industry.a maximum of 1 credit per year allowed. May be repeated for a maximum of 2 credits. S/U credit."
"Dynamics of Chemical Engineering Applications", "Emphasizes analytical and/or numerical techniques commonly used in analysis arising from classical chemical engineering applications; necessary for understanding more complex problems."
"Advanced Chemical Engineering Thermodynamics I", "Applications of the first, second, and third laws of thermodynamics and their relation to chemical engineering processes. Emphasis on properties of fluids, chemical and physical equilibria, phase stability, and polymers."
"Polymer Experimental Methods", "Theory and practice of experimental methods used to characterize and process polymer systems. Characterizations include chemical, thermal, and mechanical analysis. Lectures discuss methods beyond those applied in lab."
"Polymer Chemistry", "Molecular weight distribution, polymer synthesis, chain conformation, solution properties and phase behavior, and characterization techniques."
"Polymer Engineering", "Glass and crystalline transitions, viscoelasticity, time-temperature superposition, polymer processing, and mechanical properties of plastics, fibers, and elastomers."
"Ceramic Engineering", "Properties of ceramic materials as related to starting materials and forming, densification, and finishing processes. Emphasis on resulting phases and microstructure. Application of physical and chemical principles to tailor properties to engineering needs."
"Corrosion and Corrosion Control", "Chemical nature of metals, electrochemical nature of corrosion. Types of corrosion, influence of environment, methods of corrosion control. Behavior of engineering materials in corrosion with emphasis on industrial and ocean environments."
"Advanced Materials Engineering", "Engineering properties, molecular design, and applications of materials. Synthesis, fabrication, and processing of materials. Effects of environment on materials, materials products, devices, and systems."
"Electron and Light Microscopy of Solids", "Theory and physical principles governing the design and use of light and electron optical systems in identification, analysis, and structural characterization of metals, ceramics, polymers, glasses, and composites. Emphasis on polarized light and scanning electron microscopy."
"Advanced Drug Delivery Systems", "The course will present the design and principles of advanced drug delivery systems, which have specified drug delivery profiles and significant advantages in therapeutics over conventional dosage forms."
"Transport Phenomena I", "Analysis of transport processes including momentum, heat and mass transfer. Development of mathematical models and their solutions."
"Advances in Interfacial Phenomena", "Topics will include capillarity, surface tension; surface thermodynamics, electrical aspects of surface chemistry; contact angles and wettability; emulsions and foams; adsorption from solutions; hydrodynamic stability of interfaces."
"Separations For Biotechnology", "A study of methods of concentration used in the biotechnology and pharmaceutical industries for production and isolation of products."
"Bionanotechnology", "Principles and applications of bionanotechnology. Intermolecular forces, self-assembly, biomolecular structure, biological processes, molecular manufacturing, and surface functionalization for designing biodevices and nanomaterials. Overview of current and emerging technologies, safety and ethics."
"Fabrication Engineering at the Micro and Nanoscale", "Chemical and physical processes used in the fabrication of microscale and nanoscale devices including MEMS. Particular emphasis on crystal growth, oxidation, CVD, PVD, plasma processing, lithography, diffusion, metallization and packaging."
"Reaction Engineering", "Homogeneous and heterogeneous reactions in reactor models. Kinetics of multiple reactions industrial reactor analysis. Mechanistic models of catalytic reactors. Mathematical methods for calculation of reactor performance."
"Research Methods in Engineering", "Provide experience, practice, and knowledge in engineering research methodology, including defining a research problem, writing a research paper, giving presentations, finding relevant literature, applying scientific knowledge in practice, ethics, professionalism."
"Biochemical Engineering I", "Application of chemical engineering principles to topics in bioprocessing and biotechnology, such as enzyme and cell-growth kinetics, enzyme and cell immobilization, bioreactors, medium sterilization."
"Process Engineering for Pollution Prevention", "Management of processes and development of techniques for waste minimization in the chemical process, machine tool coating, plating, plastics, and other industries."
"Seminar In Sensors And Surface Technology", "Students, faculty, and invited outside speakers present and discuss selected topics related to research interests of the Sensors and Surface Technology Partnership."
"Special Topics on Emerging Contaminants", "Introduction to emerging contaminants such as PFASs, focusing on their chemistry, detection, epidemiology, human health, metabolism, and remediation, as well as interdisciplinary collaboration, research translation, community engagement, and professional development."
"Special Problems", "Advanced work under the supervision of a faculty member arranged to suit the individual requirements of the student. "
"Special Problems", "Advanced work under the supervision of a faculty member arranged to suit the individual requirements of the student. "
"Master's Thesis Research", "Number of credits is determined each semester in consultation with the major professor. S/U credit."
"Advanced Chemical Engineering Thermodynamics II", "Advanced topics in phase stability, phase and chemical equilibrium, and statistical thermodynamics.3) "
"Transport Phenomena II", "Steady, unsteady, and multidimensional heat transfer. Mass transport at low and high fluxes; approximate methods for heat and mass transfer problems."
"Special Problems", "Advanced work under the supervision of a faculty member arranged to suit the individual requirements of the student. "
"Special Problems", "Advanced work under the supervision of a faculty member arranged to suit the individual requirements of the student. "
"Doctoral Dissertation Research", "Number of credits is determined each semester in consultation with the major professor or program committee. S/U credit."
"Basic Surveying", "This course focuses on teaching conventional survey techniques for field measurement and preparation of topographic maps and site plans"
"Mechanics of Materials", "Mechanical properties of materials; analysis of members under axial, torsional, and transverse loads; stress and strain; beam deflections, and introduction to statically-indeterminate beams and buckling of columns.Online) "
"Mechanics of Materials Laboratory", "Introduction to the physical and mechanical properties of civil engineering construction materials including steel, wood, and Portland cement concrete. Cement properties, mix design, testing of fresh and hardened concrete.3) "
"CADD for Civil Engineers", "Operating system issues, basic elements of Computer-Aided Design and Drafting (CADD): creation of 2-D and 3-D models, solid modeling, rendering and animation, applications of CADD in civil engineering design."
"Humanitarian Engineering", "Focuses on creating awareness about the challenges that under-served communities are facing locally and globally and how to solve them using appropriate and sustainable technologies."
"Humanitarian Engineering", "Humanitarian Engineering. Focuses on creating awareness about the challenges that under-served communities are facing locally and globally and how to solve them using appropriate and sustainable technologies."
"Connecting Dots: The Water-Energy-Health Nexus", "Focuses on inter-linkages between sustainable water practices, energy production and needs to ensure public health, and designing engineering systems to meet such demands in a changing global environment."
"Construction Management", "Introduction to construction planning; procedures involved in construction activities with major emphasis on heavy construction."
"Geomatics", "Technologies to obtain measurement data using level, transit, EDM, total station, and GPS instrument. Data collection, sorting, storage, analysis and presentation of data for civil engineering purposes. Practical surveying experiences."
"Transportation Engineering", "Concepts of transportation planning and design as well as traffic analysis techniques are covered with respect to Multi-Mode travel within transportation systems."
"Highway Engineering", "Design of modern highways and streets including planning, location, geometric layout, drainage structures, bituminous materials, pavement structure, construction, operation, maintenance and rehabilitation."
"Highway Engineering Laboratory", "Capacity analysis, computerized geometric design, soil resilient modulus, aggregates toughness, rheological properties of asphalt binder, Superpave asphalt mix-design, material input parameters for pavement design, pavement evaluation, and field trip."
"Structural Engineering", "Loads and load paths; analysis of statically determinate beams, trusses, frames; deflections of beams and trusses; influence lines; and indeterminate beams and trusses."
"Structural Engineering Laboratory", "Introduction to plane stress under combined loading, gravity and lateral loads, structural analysis and design software, structural instrumentation, and dynamics of structures."
"Hydraulic Engineering", "Applied hydraulics of flow in closed conduits and open channels: river and groundwater hydraulics. Analysis of hydraulic structures. Reservoir design. Principles of hydrology."
"Environmental Engineering", "Water supply and treatment systems, sewerage treatment of municipal and industrial waste waters, stream pollution, groundwater analysis, air pollution and disposal of solid waste materials."
"Environmental Engineering Laboratory", "Laboratory studies in environmental engineering and water resources. Measurement of environmental contaminants, closed conduit flow, and open channel flow. Treatment processes, pipe networks, and centrifugal pump characteristics. Computer implementation for design."
"Geotechnical Engineering", "Engineering properties of soils, seepage, consolidation theory, calculation of stresses, failure theories, shear strength of sand, shear strength of clay."
"Geotechnical Engineering Laboratory", "Laboratory studies of physical properties and behavior of soils: index properties, compaction, consolidation, and shear strength. Interpretation, evaluation, and engineering applications of test data."
"Civil Engineering Professional Licensure", "Preparation of students to take the civil engineering oriented Fundamentals of Engineering examination. Overview of the civil engineering licensure process and importance."
"Offshore Structure Design", "Introduction to offshore structures, structural modeling, structural dynamic analysis, structural design for storms, structural design against fatigue failure."
"Traffic Engineering", "LEC: Highway traffic characteristics and methods of providing for an effective, free, and rapid flow of traffic. Types of studies, regulations, control devices and aids, planning and administration."
"Intelligent Transportation Systems", "Traffic systems operations/planning strategies; Advanced Transportation Management Systems; Detection Devices; Benefits and Evaluation; In-Vehicle Navigation Theory; Real-Time Dynamic Routing Issues."
"Sustainable Pavement Design", "Pavement types; pavement system components; stresses in the pavement structure. Design factors and criteria, structural design of flexible and rigid pavements for highways and airports, green pavement."
"Simulation Based Design For Civil Engineers", "Advanced concepts of Computer-Aided Design and Drafting (CADD) as they pertain to a) Digital Prototyping, b) Concurrent Engineering, and c) Continuous Acquisition and Lifecycle Support, Global standards, and file exchange formats."
"Computer Analysis of Structures", "Introduction to matrix methods of structural analysis. Solutions of planar structures using a digital computer."
"Steel Structures", "Theory of steel structures including beams, columns, beam-columns, composite construction and connections. Material properties, environmental loads, state of construction practice, fabrication and economic aspects."
"Analysis and Design of Concrete Structures", "Current criteria and practice for design of reinforced and prestressed concrete structures. Elastic and ultimate strength analysis of beams, slabs, columns, and frames. Comprehensive design problems."
"Water And Wastewater Transport Systems", "Computer analysis of water storage and transmission. Design of water distribution and wastewater collection systems."
"Water and Wastewater Treatment Systems", "Development of water quality standards. Design and analysis of physical, chemical, and biological treatment processes and their application to water and wastewater purification systems."
"Water Quality Sampling And Analysis", "Laboratory and field work including sampling of surface and groundwater, chemical and biological analyses for water, monitoring, treated effluent quality control, and detection of hazardous contaminants."
"Water in the Environment", "Evaluation of water as a resource and its relation to the environment: hydrologic cycle, water budgets, water uses, drought, flood, current water problems."
"Environmental Sustainability and Green Engineering", "Provides an overview of the impacts in aquatic, terrestrial, atmospheric and built environment created by engineering decisions. Understand the physical, chemical, and biological principles that describe interactions between engineering and the environment."
"Hazardous Waste Disposal and Solid Waste Management", "Sources, collection, treatment, and disposal of hazardous wastes and solid wastes. Conservation, recovery, and reuse of material. Economics of waste treatment, disposal, and reuse."
"Introduction to Marine Pollution", "An introductory course in marine pollution emphasizing geochemical aspects of the sources, transport, and fate of pollutants in the coastal marine environment."
"Innovative Subsurface Remediation Technologies", "Innovative remediation technologies for treating contaminated groundwater and sediments: theory, applications, and limitations of selected methods. Discussion of case studies.4) "
"Shallow Foundations", "Applications of geotechnical engineering principles to analysis and design of shallow foundations. Foundation types, lateral earth pressures, bearing capacity, settlement, gravity retaining walls, cantilever sheet pile walls."
"Environmental Hydrogeology", "Physico-chemical principles and fundamental relationships that describe the fate and transport of contaminants in the hydrologic system."
"Special Problems", "Advanced work under supervision of a faculty member arranged to suit the individual requirements of the student. "
"Special Problems", "Advanced work under supervision of a member arranged to suit the individual requirements of the student. "
"Civil Engineering Design Studies", "Off campus civil and environmental engineering design studies. Must include significant hands-on (laboratory or field) experience, use of engineering design tools, and the design, development, test, and evaluation of hardware/software systems. "
"Civil Engineering Design I", "Detailed project planning, conceptual design and layout, and environmental impact for the civil engineering integrated capstone design project. Speakers on ethics, professionalism, and professional practice."
"Civil Engineering Design II", "Elements of planning, analysis and design of a civil engineering project integrating the principles learned in previous courses; a group integrated capstone design project involving all major aspects of civil engineering design."
"Marine Environmental Organic Chemistry", "Physico-chemical properties of organic compounds, their transformations and environmental fluxes with a focus on marine topics. Offered alternate years."
"Geospatial Watershed Modeling", "Tools to simulate the water quantity and quality of a complex watershed; development of models for examining the water quantity and quality issues that are associated with watershed management."
"Public Transportation Systems", "Bus and rail modes; technological characteristics on capacity, service quality, costs; analysis, evaluation; performance monitoring, route and network design; frequency determination; vehicle scheduling; advanced operations strategies."
"Traffic Systems Operations", "Signalized and unsignalized intersection treatments; coordination concepts; arterial and freeway management, operating strategies, and design issues; simulation and optimization; performance evaluation."
"Urban and Rural Transportation", "Issues confronting planning for urban and rural transportation systems; the variety of policies that governments pursue in addressing issues and problems; technical and political constraints, transportation studies, and demand analysis techniques."
"Geometric Design of Highways", "Evaluation of alternative designs. Criteria and practices of geometric design; at grade intersections, interchanges, channelization, weaving parking facilities, and road appurtenances; safety considerations, lane balancing, ramps, and terminals."
"Bituminous Materials and Mix-Design", "Asphalt binder, bituminous mixtures, conventional and superpave mix-design methods, material characterization and testing, fracture, fatigue, and permanent deformation, novel pavement materials and additives, and pavement recycling."
"Transportation Soils and Materials", "Surficial and subgrade soils, mineral aggregates, Portland Cement Concretes, mix-design methods, material characterization and testing, fracture, fatigue, and modern transportation materials."
"Finite Element Analysis in Civil Engineering I", "Direct stiffness method. Rayleigh-Ritz and Galerkin methods. Isoparametric elements. Frames, trusses, plane stress and strain. Bending of thin plates."
"Structural Timber Design", "Study of wood properties and design considerations. Design and behavior of beams, columns, beam-columns, and wood fasteners. Analysis and design of structural diaphragms, shear walls, and box beams."
"Advanced Steel Design", "Selected topics in structural steel design following the LRFD specification, including plate buckling and postbuckling, torsion, plate girders, plastic design, frame stability, tall buildings, composite design, and earthquake-resistant design."
"Management of Highway Bridges", "Comprehensive systems approach to management of highway bridges. Needs assessment, in-service monitoring and evaluation of bridges. Condition forecasting models and failure analysis. Life-cycle cost and benefit analysis, prioritization and optimization."
"Prestressed Concrete", "Theory of prestressed concrete including partial losses of prestress and long-term effects due to creep, shrinkage and steel relaxation. Service and ultimate load evaluation of pre-tensioned and post-tensioned beam elements in flexure, shear and torsion. Deflection, camber and crack control evaluation."
"Advanced Reinforced Concrete", "Elastic and ultimate strength theory in flexure, shear, torsion, compression and serviceability. Behavior and analysis of deep beams, corbels, slender and non-slender columns, biaxial bending, two-way slabs and plates."
"Structural Dynamics", "Simplified models and their equations of motion; analytical solution methods; Fourier analysis; Duhamel integral; nonlinearities; computer-oriented solution algorithms and their implementation. Applications."
"Design of Highway Bridges", "Design specifications and analysis methods for highway bridges. Loads. Design of steel I-beam bridges, reinforced concrete bridges, and plate girders. Orthotropic analysis. Bridge details and substructure."
"Theory of Plates", "Development of basic plate equations. Classical solution examples of rectangular and circular plates. Additional topics selected from orthotropic plates, large deflections, finite element, and numerical solutions."
"Water Chemistry for Engineers", "Chemical principles applied to problems in environmental engineering, including water and wastewater treatment, contaminant hydrology, and hazardous waste management."
"Biosystems in Sanitary Engineering", "Microorganisms that constitute the biological systems in water pollution, water purification, and wastewater treatment. Application of principles of microbiology and biochemistry to analysis and design in fields of sanitary engineering and water resources."
"Theory of Water Purification and Treatment", "Principles of modern water purification and engineering practices. Aeration, deodorization, sterilization, coagulation, filtration, water softening, iron removal, disinfection, and corrosion control."
"Open-Channel Hydraulics", "Analysis of uniform, critical, varied, and unsteady flow in open channels. Principles will be applied to open-channel design."
"Environmental Sustainability and Green Engineering", "Provides the conceptual, methodological, and scientific basis to understand and reduce the impact of engineering decisions on the environment. Designed for an interdisciplinary audience of engineering graduate students and will provide students with the background and tools necessary to reduce the impacts of design."
"Advanced Soil Mechanics", "Physico-chemical properties of soils, hydraulic conductivity, consolidation, and shear strength."
"Introduction To Marine Pollution", "An introductory course in marine pollution emphasizing geochemical aspects of the sources, transport and fate of pollutants in the coastal marine environment. Review papers or research proposals will be required."
"Experimental Geomechanics", "Advanced methods and techniques of geotechnical testing. Behavior of granular and cohesive soils with determination of engineering properties. Interpretation, evaluation, and engineering applications of test data. Emphasis on shearing strength, consolidation, bearing capacity, earth pressures, seepage, and slope stability."
"Marine Geotechnics", "Geotechnical engineering principles as applied to marine problems. Site survey and in-situ testing, soil properties, shallow foundations and deadweight anchors, piles and pile anchors, direct and drag embedment anchors, scour."
"Deep Foundations", "Applications of soil mechanics principles to analysis and design of piles and drilled shafts under vertical and lateral loading. Static and dynamic load testing. Introduction to ground improvement technologies."
"Designing with Geosynthetics", "Overview of geosynthetic materials, properties, test methods, and current standards. Design methods involving geotextiles, geogrids, geonets, geomembranes, and geocomposites. Applications to problems in geomechanics, geoenvironmental engineering, and transportation-related fields."
"Earth Retaining Structures", "Analysis and design of earth retaining structures. Advanced seepage analysis. Mechanically stabilized earth walls, anchored bulkheads, braced excavations, and cofferdams. Slope stability analysis and slope stabilization. "
"Groundwater Hydrology", "Quantitative methods of groundwater hydrology including determination of aquifer properties and yield. Modeling of groundwater systems for management quantity of water, movement of contaminants, and well design. Field and laboratory measurements."
"Special Problems", "Advanced work under supervision of a faculty member arranged to suit individual requirements of the student. "
"Special Topics in Civil and Environmental Engineering", "Intensive inquiry into a certain important field of current interest in civil and environmental engineering."
"Numerical Methods in Structural Engineering", "Methods of successive approximations and numerical procedures in the solution of stress, vibration, and stability problems in structural members. Nonuniform members, elastic supports, plates, torsion."
"Master's Thesis Research", "Number of credits is determined each semester in consultation with the major professor or program committee. S/U credit."
"Graduate Seminar", "Presentations by researchers and practicing professionals covering topics in various areas of civil engineering and related fields. Presentations and discussions of research by graduate students."
"Graduate Seminar", "Presentations by researchers and practicing professionals covering topics in various areas of civil engineering and related fields. Presentations and discussions of research by graduate students.full-time graduate students. May be repeated for a maximum of 2 credits. "
"Pavement Evaluation and Rehabilitation", "Pavement performance concepts. Criteria for pavement evaluation. Measurement of pavement distress and structural capacity. Analysis and interpretation of pavement evaluation data. Correlation of data with performance ratings. Formulation and evaluation of maintenance and rehabilitation alternatives."
"Advanced Topics in Bridge Engineering", "Load and resistance factor design of prestressed concrete bridges. Analysis and design of segmental concrete bridges using the span-by-span and the cantilever methods of construction. Time dependent effects. Long span bridges. Bridge condition assessment and rating."
"Structural Stability", "Introduction; principal forms of equilibrium paths and their stability; conservative elastic systems; buckling of prismatic members; imperfections; plastic deformations; postbuckling of frames and reticulated structures; numerical methods; catastrophe theory."
"Structural Reliability", "Probabilistic applications in structural analysis and design. Statistical models for forces and material strengths. Component and system structural reliability. Random vibration applications in structural engineering."
"Water Pollution Control and Treatment of Wastewater", "Wastewater characteristics, effects, and purification in natural water, government control strategies and impacts, cost of control, theory and mathematical concepts of secondary and tertiary treatment process, their limitations, and late developments."
"Stream and Estuarine Analysis", "Fundamentals and mathematical concepts of physical and biological factors applied to the evaluation of the pollution capacity of streams and estuaries."
"Geotechnical Earthquake Engineering", "Introduction to the geotechnical aspects of earthquake engineering. Geology of earthquakes, response of single degree of freedom systems, strong ground motion, dynamic soil properties, site response analysis, liquefaction, and seismic earth pressures for retaining wall design."
"Special Problems", "Advanced work under the supervision of a faculty member arranged to suit the individual requirements of the student. "
"Special Problems", "Advanced work under the supervision of a faculty member arranged to suit the individual requirements of the student. "
"Advanced Special Topics in Civil and Environmental Engineering", "Intensive inquiry into a certain important field of current interest in civil and environmental engineering, requiring advanced sophistication of a 600 level course."
"Doctoral Dissertation Research", "Number of credits is determined each semester in consultation with the major professor or program committee. S/U credit."
"Foundations of Engineering I", "Introduction to engineering. Problem solving."
"Foundations Of Engineering II", "Engineering problem solving."
"Foundations of Engineering II", "Foundations of Engineering II. Engineering problem solving."
"Engineering in Everyday Life", "Introduction to a variety of careers in engineering. Overview of the history of engineering. Inspection of the process of engineering design and manufacturing by using objects encountered in everyday life."
"Introduction to Robotics", "Introduction to robots and their components; actuators, sensors, microcontrollers, communication, and power sources. Integration of robots to complete specific tasks such as pick-and-place, obstacle course navigation, robot races, etc."
"Coastal Resilience: Adapting to Changing Coastlines", "Focuses on creating an awareness of the complex issues related to improving the resilience of coastal communities from the effects of storms and sea level rise."
"Artifacts in Modern Society", "Materials Science will be introduced to non-science and non-engineering freshman using a "case study" approach."
"Seminar in Naval Science and Technology", "Invited outside speakers, faculty and students present and discuss selected topics related to naval science and technology"
"Energy and Environment", "Technical, social, and environmental aspects of energy, including energy and the society, energy policy, global challenges of energy, energy systems (fossil fuels, renewables, storage), and environmental pollution of energy systems."
"(OCE) Computational Solutions of Engineering Problems", "Fundamentals of computational techniques in engineering, including algorithm development, programming, MATLAB scripts, numerical solutions of problems from various engineering disciplines, and error, and stability and accuracy analysis."
"Engineering Ethics", "A broad introduction to moral theory and its application to engineering, professionalism, and moral responsibility as an engineer. An understanding of engineering in a societal context."
"Honors Section of Engineering Ethics", "Honors Section of Engineering Ethics."
"Engineering Entrepreneurship I", "Fundamentals of entrepreneurship for engineers including project planning and budgeting, elements of a business plan, financial acumen, presentation skills and manufacturing planning."
"Engineering Entrepreneurship II", "Advanced concepts in engineering entrepreneurship including metrics development and utilization, negotiating, business simulation and continuous improvement."
"Advanced Technical German", "Seminar on advanced scientific and engineering topics in an international context. All reading, discussion, and associated writing is conducted in German."
"Advanced Technical Spanish", "Seminar on advanced scientific and engineering topics in an international context. All reading, writing and discussion will be conducted in Spanish."
"Advanced Technical Chinese", "Lectures and seminar on advanced scientific and engineering topics in an international context. All reading, writing, and discussion will be conducted in Chinese."
"Hydrodynamics", "Hydrodynamics of fixed and floating structures. Transport theory, viscous, inviscid, and ideal fluid flows based on continuum mechanics. Specific topics include lifting surfaces, added mass, and boundary layer theory, turbulence, linear wave theory, forces on a submerged body."
"Research Methods in Engineering", "Provide experience, practice, and knowledge in engineering research methodology, including defining a research problem, writing a research paper, giving presentations, finding relevant literature, applying scientific knowledge in practice, ethics, professionalism."
"Introduction to Electrical Engineering", "Seminar series given by instructor, invited experts, and students with a focus on electrical engineering applications and professional practice."
"Cyber Physical Security", "Basic concepts of cyber physical security, importance of data security, set and change password, authentication, authorization, data encryption and decryption, hardware and software basics of cyber-physical systems."
"Digital Circuit Design", "Digital concepts. Combinational logic: gates, Boolean algebra, K-maps, standard implementations. Sequential circuits: flip-flops, timing diagrams, state diagrams, counters and registers, design methods. MSI devices, memory, and programmable devices."
"Digital Circuit Design Laboratory", "Laboratory experience in digital electronics. Logic design projects using standard SSI and MSI integrated circuits."
"Microprocessors", "Hands-on familiarization with computer and microprocessor software and hardware. Computer architecture and interfacing with input and output devices."
"Microprocessor Laboratory", ""
"Introduction to Computer Systems", "Bits, binary representations, digital logic structures, the von Neumann computing model, the machine and assembly language, interrupt and traps, input and output, subroutines, stack and high-level programming in computing systems."
"Introduction to Computer Systems Laboratory", ""
"Linear Circuit Theory", "Kirchhoff's Laws, DC-resistive networks, dependent sources, operational amplifier circuits, natural and forced response of first- and second-order circuits, sinusoidal steady-state response, phasors, AC power."
"Linear Circuits Laboratory", ""
"Passive and Active Circuits", "Electrical circuit laws and theorems, transient and steady-state response, phasors, frequency response, resonance. Diode and transistor circuits, digital logic devices."
"Digital Design with FPGAs", "Digital design, simulation, synthesis and verification using electronic design automation tools. IEEE VHDL hardware description language and rapid prototyping with FPGAs. Register transfer level design with reusable modules and cores."
"Digital Design with FPGAs Laboratory", ""
"Introduction to Computer Architecture", "Introduction to CPU, instruction set architecture, instruction pipeline, hazard avoidance and branch prediction. Concept and evaluation of cache memory and memory management. Bus architecture and input and output interfaces."
"Linear Systems", "Fourier series, Fourier transforms, transfer functions of continuous and discrete-time systems, transient and steady-state response, natural response and stability, convolution."
"Linear Systems and Signals", "Continuous-time and discrete-time systems, frequency response, stability criteria, Laplace transforms, z-transforms, filters, sampling, feedback, and applications."
"Electromagnetic Fields I", "Electrostatics and magnetostatics, forces on charged particles. Analysis employs vector algebra and vector calculus in orthogonal coordinates. Simple applications to engineering problems."
"Introduction to Solid State Devices", "Electrical and optical properties of semiconductors. Characteristics of p-n and metal semiconductor junctions. Application to diodes, transistors and light emitting and absorbing devices. Fabrication technology is introduced."
"Electronics I", "Review of linear circuit theory, operational amplifiers, diode and transistor circuits, computer-aided design, linear and nonlinear circuit applications, CMOS logic"
"Electronics I Laboratory", ""
"Electronics II", "Bipolar and MOS transistor biasing, small signal amplifiers, amplifier frequency response, operational amplifiers, SPICE, nonlinear circuits, statistical circuit simulation."
"Electronics II Laboratory", ""
"Technologies and Music", "Introduction to 12-tone music; orchestra instruments; mathematics and physics of musical acoustics; physiology of auditory system; audio engineering; microphones, amplifiers and speakers; software for synthesis; ethics in music industry."
"Special Problems", "Independent study of special engineering problems. Topic and number of credits determined in consultation with the instructor."
"Special Problems", "Independent study of special engineering problems. Topic and number of credits determined in consultation with the instructor."
"Special Problems", "Independent study of special engineering problems. Topic and number of credits determined in consultation with the instructor."
"Introduction To Professional Practice", "Discussions with faculty, visiting engineers, and invited speakers on ethical, social, economic, and safety considerations in engineering practice; career planning; graduate study."
"Launching a Technology Startup", "Computer technology: hardware, software, and network; Computer applications in today's society; Tech Innovations; startup company, team building, market analysis, technology differentiation, raising Angel and VC funds: Exit Strategies."
"Digital Computer Design", "Hardware implementation of digital computers. Arithmetic circuits, memory types and uses, control logic, basic computer organization, microprogramming, input/output circuits, microcomputers."
"Digital Computer Design Laboratory", ""
"Embedded System Design", "Engineering design problems involving hardware, software and interface of computer and embedded systems. Students will apply skills and knowledge accumulated through the curriculum in a group senior design project."
"Embedded System Design Laboratory", ""
"Electromagnetic Fields II", "Transmission lines, Maxwell's equations, wave equation, reflection and refraction phenomena, polarization effects waveguides and antennas. Design project requiring application of electromagnetic theory and use of numerical methods."
"Electromagnetic Fields II Laboratory", ""
"Renewable and Efficient Electric Power Systems", "This course introduces students to renewable and efficient electric power systems, ranging from the basic concepts of electric power engineering to renewable energy systems such as wind and solar systems."
"Communication Systems", "Representation of signals and noise. Basic principles of modulation and demodulation. Waveform and digital transmission systems. Design of a component of a communication system."
"Communication Systems Laboratory", ""
"Introduction to Computer Networks", "Computer networks, layering standards, communication fundamentals, error detection and recovery, queuing theory, delay versus throughput trade-offs in networks, multiple-access channels, design issues in wide and local area networks."
"Information and Network Security", "Elementary cryptography, public key, private key, symmetric key, authentication protocols, firewalls, virtual private networks, transport layer security, and wireless network security."
"Digital Integrated Circuit Design I", "Introduction to full custom digital integrated circuit design. Analysis of logic functions and timing at the transistor level. Realization of logic functions via hand crafted transistor layout. Design project."
"Digital Integrated Circuit Design I Laboratory", ""
"Foundations of Robotics", "The course provides the theoretical background to formulate and address problems in robotics. Its objective is to give a basic understanding of robot kinematics, sensing, actuation, localization, control, and planning."
"Control Systems", "An introduction to feedback control systems. PID control, time/frequency response, stability and performance specifications, root locus, Bode plot, lead/lag compensator, state-space design, and applications to typical electro-mechanical systems."
"Digital Control Systems", "Analysis and design of digital control systems using state-space techniques. State feedback and observers. Laboratory includes computer simulation and hardware implementation of control laws for electromechanical systems.3) "
"Digital Control Systems Laboratory", ""
"Physiological Modeling and Control", "Principles of physiological modeling and control of linear and nonlinear systems, stability analysis, root locus, Bode plots, linearization."
"Mobile Computing", "Application of modern mobile computing platforms, user interface, software application development, hardware interface; view controllers; data interaction; application distribution."
"Capstone Design I", "Application of engineering skills; teams focus on the design and communication of solutions to problems with real-world constraints (may include aspects of other engineering disciplines). First of a two-course sequence.2, Lab. 3) "
"Capstone Design II", "Application of engineering skills; teams focus on the design and communication of solutions to problems with real-world constraints (may include aspects of other engineering disciplines). Second of a two-course sequence."
"Special Problems", "Independent study of special engineering problems. Topic and number of credits determined in consultation with the instructor."
"Special Problems", "Independent study of special engineering problems. Topic and number of credits determined in consultation with the instructor."
"Special Problems", "Independent study of special engineering problems. Topic and number of credits determined in consultation with the instructor."
"Project Planning and Management in Systems Engineering", "Presents the tools and processes to help plan and manage real-world systems engineering projects including network planning, scheduling, analysis, synthesis; critical path method/PERT; computer-aided planning; and other contemporary tools."
"Linear Transform Analysis", "Transform analysis (including Fourier, Laplace, and z-transforms) of continuous- and discrete-time systems and signals. Properties of transforms, computational efficiency, and applications such as compact representations of video and sound."
"Nonlinear Control Systems", "Analysis of nonlinear systems: phase-plane analysis, Lyapunov theory, advanced stability theory, describing functions. Design of nonlinear control systems: feedback linearization, sliding control."
"Linear Control Systems", "State-variable description of continuous-time and discrete-time systems, matrices and linear spaces, controllability and observability, pole-placement methods, observer theory and state reconstruction, MATLAB exercises for simulation and design."
"Optimal Control Theory", "Quadratic performance indices and optimal linear control, frequency response properties of optimal feedback regulators, state estimation, separation theorem, optimal control of nonlinear systems, Pontryagin's minimum principle."
"Digital Signal Processing", "Review of z-transform, frequency response of LTI systems, digital filter structures, sampling theorem, spectral analysis, DFT and FFT algorithms, windows, periodogram, introduction to design of FIR and IIR filters."
"Introduction to Random Processes", "Probability and random variables; random process characterizations and techniques. Useful models. Discrete and continuous systems with random inputs. Applications to detection, and filtering problems."
"Communication Theory", "Communication theory for discrete and continuous channels. Optimum-receiver principles and signal design. Fundamentals of information theory. Channel models, modulation techniques, source encoding, error control coding, decoding algorithms."
"Engineering Electromagnetics", "Review of electrostatics and magnetostatics. Maxwell's equations, wave propagation in dielectric and conducing media. Boundary phenomena. Radiation from simple structures. Relations between circuit and field theory.3)"
"Systems Simulation", "Simulation of random processes and systems. Continuous and discrete simulation models. Data structures and algorithms for simulation. Generation of random variates, design of simulation experiments for optimization and validation of models and results. Selected engineering applications."
"Fiber Optic Communication Systems", "Survey of important topics in optical communication devices and systems. The physical principles and operation of lasers, LEDs, fibers, and detectors are covered."
"Current Topics in Lightwave Technology", "Current topics of importance in lightwave technology including coherent fiber optical communication systems, optical amplifiers, active and passive single-mode devices, infrared optical fibers. Material will be taken from recent literature."
"Solid State Engineering I", "Review of quantum mechanics, crystal properties, energy-band theory, introduction to scattering, generation-recombination processes, Boltzmann's transport equation, semiconductor junctions, devices."
"Solid State Engineering II", "Properties of insulators, semiconductors, conductors and superconductors from quantum mechanical principles. Semiconductor physics and band theory of solids as applied to current semiconductor and optoelectronic devices."
"MOS Devices", "Device physics and computer modeling of MOS devices, capacitors, metal semiconductor contacts, PMOS, NMOS, and DMOS transistors, short channel effects, modeling, small signal equivalent circuits."
"Digital Integrated Circuit Design II", "Device physics for CMOS technology, design techniques for static and dynamic logic families and arithmetic elements, design capture tools, synthesis strategies, scaling and next generation CMOS technologies, design project."
"Analog Integrated Circuit Design", "IC processing, device modeling and simulation, building blocks for analog circuits, amplifiers, continuous and discrete-time filters, band-gap references, Nyquist-rate converters, oversampled converters, design project.Lab. 3) "
"Fault-Tolerant Computing", "Fault and error modeling, reliability modeling and evaluation, fault-tolerant computer systems, digital and mixed analog/digital VLSI testing, concurrent error detection, and design for VLSI yield enhancement."
"Computer Networks", "Computer network architectures, data link control and access protocols for LANs, internet protocols and applications, software and hardware issues in computer communication, delay analysis, and current research in computer networking."
"Arithmetic Algorithms and Hardware Designs", "Hardware algorithms and implementations of fixed and floating-point adders, multipliers, and dividers. Error and time complexity analysis. Applications to DSP algorithms. Circuit design in VHDL and prototype with FPGA."
"Advanced Digital Circuits and Systems", "Advanced topics in Boolean algebra and digital designs. Arithmetic circuits, low-power designs, cryptography, communications, concurrent error detection/correction, SoC, and quantum computing. Project in design and implementation of complex digital systems."
"Design of Computer-Based Instrumentation", "Design of memory systems, input-output techniques, direct memory access controllers, instrument buses, video displays, multiprocessors-coprocessors, real-time operations, device handler integration into high-level language and mass storage."
"Embedded Computer Systems and Applications", "Principles of embedded computer system designs; CPU, memory, I/O, interfacing of embedded computers; modern hardware/software tools for embedded computing, and design of advanced systems including wired/wireless networking, image acquisition/processing, controls, medical equipment, or consumer electronics."
"Computer Architecture", "Classification and taxonomy of computer architectures. RISC vs. CISC. Cache and virtual memory systems. Pipeline and vector processors. Multi-processor and multi-computer systems. Interprocessor communication networks. Dataflow machines. Parallel processing languages."
"Computer System Modeling", "Fundamental understanding of computer systems with limited resources: data centers, fog computing and networks, Internet-of-Things (IoT), etc. Analytical methods to predict the system performance. Queuing theory, scheduling, and load balancing."
"Ocean Systems Engineering", "Introduction to the design of systems for use in the ocean environment with emphasis on interaction of various subsystem disciplines to achieve total system performance characteristics. Introduction to detection, localization, classification and time measurement strategies including Global Positioning system, underwater Acoustics Positioning and control, wireless acoustic and electromagnetic communication, and remote time transfer. Examples will include mobile, fixed, autonomous, distributed and networked sensors."
"Physiological Modeling and Control", "Principles of physiological modeling and control of linear and nonlinear systems, stability analysis, root locus, Bode "
"Biomedical Instrumentation Design", "Fundamentals of biomedical instrumentation, biocompatibility, medical device materials; safety, noise rejection, biomedical signal processing; measuring, recording, monitoring, and therapeutic devices. Not for undergraduate credit. Not open to students who have credit in ELE 489 or BME 461."
"Biomedical Instrumentation Laboratory", "Development of a portable heart function monitor that measures the electrocardiogram and photoplethysmogram; Embedded system design using instrumentation amplifier, op-amp, graphic LCD module, and PIC microprocessor with C3) "
"Medical Imaging", "Engineering and clinical applications of medical imaging systems including X-ray, computed tomography, radioisotope imaging, ultrasound, magnetic resonance imaging; picture archiving and communications system and medical image processing. Term paper required. May not be taken by students who have credit in BME 464."
"Medical Image Processing Laboratory", "Development of medical image processing algorithms with graphical user interface in C++ under the Windows operating system: smoothing and sharpening filters, morphological filters, area measurement and edge tracer. Projects"
"Neural Engineering", "Principles and technologies of neuroengineering and clinical applications; brain stimulator, spinal cord stimulation, functional electrical stimulation (FES), neural-machine interface for motor prosthesis control, artificial visual/auditory devices for augmented sensory perception."
"Underwater Acoustics I", "Introduction to sound generation, transmission, and reception, including vibration of mechanical systems, acoustic waves in fluids, acoustic transducers and arrays, acoustic propagation in the ocean, and sonar systems."
"Brain Signal Processing and Applications", "This course presents advanced techniques in brain signal processing including time-frequency analysis (e.g., wavelet), spatial filters (e.g., Laplacian filters), data reduction techniques (e.g., PCA), and machine learning algorithms (e.g., LDA)."
"Special Topics in Artificial Intelligence", "Topics of specialized or current interest, which may change. Topics may include expert systems, natural language processing, neural network models, machine learning. AI applications in remote sensing."
"Computer Vision", "Algorithms used to extract information from two-dimensional images. Picture functions. Template matching. Region analysis. Contour following. Line and shape descriptions. Perspective transformations. Three-dimensional reconstruction. Image sensors. Interfacing. Applications."
"Pattern Recognition", "Random variables, vectors, transformations, hypothesis testing, and errors. Classifier design: linear, nonparametric, approximation procedures. Feature selection and extraction: dimensionality reduction, linear and nonlinear mappings, clustering, and unsupervised classification."
"Optimization for Machine Learning Applications", "Introducing advances in optimization theory and algorithms for rapidly growing applications in machine learning such as linear regression, support vector machines, deep learning, and reinforcement learning."
"Special Problems", "Advanced work under supervision of a faulty member arranged to suit individual requirements of student."
"Special Problems", "Advanced work under supervision of a faculty member arranged to suit individual requirements of student."
"Special Topics in Electrical Engineering", "Intensive inquiry into a certain important field of current interest in electrical engineering.1-3) "
"Non-Thesis Masters Project", "Culminating project for non-thesis Master of Science students in Electrical Engineering. Small scale engineering projects drawn from industrial and academic research and development environments."
"Master's Thesis Research", "Number of credits is determined each semester in consultation with the major professor or program committee."
"Graduate Seminar", "Seminar discussions presented by faculty and outside speakers on topics of current research interest."
"Graduate Seminar", "Student seminars including the presentation of research results and detailed literature surveys. May be repeated for a total of 2 credits."
"Applications of Information Theory", "Information theoretic underpinnings and practical techniques for data compression, channel coding for error control, and encryption and cryptography for secure information transmission."
"Advanced Topics in Computer Architectures", "Modern high-performance computer structures, parallel and distributed hardwares and softwares, instruction level parallelism, memory hierarchy, fault tolerant computing, and future generation computers."
"Estimation Theory", "Extraction of information from discrete and continuous data, best linear estimation, recursive estimation, optimal linear filtering, smoothing and prediction, nonlinear state and parameter estimation, design and evaluation of practical estimators."
"Modulation and Detection", "Advanced treatment of modulation and detection theory. Minimum meansquare error, maximum likelihood, and maximum posterior probability estimators. Applications to communications systems and to radar and sonar systems."
"Advanced Topics in Signal Processing", "Seminar for advanced students. Selected topics of current research interest. Material will be drawn primarily from recent literature."
"Underwater Acoustics II", "Sound transmission in ocean, transducers, active signal design for range and Doppler resolution, ambient and platform noise, classical and wave vector-frequency methods of beamforming, adaptive beamforming, characteristics of targets, and active/passive sonar systems."
"Statistical Sonar Signal Processing", "Basic results in probability and statistics, signal processing, and underwater acoustics are applied to the design of detection, estimation, and tracking in active sonar, passive sonar, and underwater acoustic communication."
"Special Problems", "Advanced work under supervision of a faculty member arranged to suit individual requirements of a student."
"Special Problems", "Advanced work under supervision of a faculty member arranged to suit individual requirements of a student."
"Advanced Special Topics in Electrical Engineering", "Intensive inquiry into a certain important field of current interest in electrical engineering, requiring advanced sophistication of a 600-level course."
"Doctoral Dissertation Research", "Number of credits is determined each semester in consultation with the major professor or program committee."
"Introduction to Systems Engineering", "An exploration of the practice of systems engineering and the interrelationships between industrial, mechanical and other systems. Systems performance evaluation, improvement and planning. Ethics in the practice of engineering."
"Manufacturing Processes and Systems", "Introduction to a wide variety of manufacturing processes. Basic facility layout and manufacturing system design, including material handling and lean principles."
"Laboratory for Manufacturing Processes and Systems", "Laboratory demonstrations and experiments in machining, casting, metrology, and rapid prototyping. Plant visits and lab tours."
"Waste Not, Want Not: Sustainable Lean Production", "Students will learn about sustainability and the science and impact of decisions regarding the design, production, and consumption of goods. Product life cycle analysis including remanufacturing and recycling."
"Engineering Economy and Project Planning", "Effects of economics on engineering decisions in design, selection, and product or project proposals, project planning, resource allocation and scheduling using computer based tools."
"Probability and Statistics for Engineers", "Introduction to probability and statistics in engineering applications including data analysis, probability theory, probability distributions, sampling distributions, statistical inference, hypotheses testing, confidence intervals, analysis of variance, and receiver operating characteristics."
"Statistical Methods and Quality Systems", "Study of statistical methods and quality systems in engineering applications including statistical methods, quality improvement tools, control charts, process capability, linear regression, design of experiments, and acceptance sampling."
"Computer Tools for Engineers", "The study and application of engineering tools for computing and information technology. This course will provide students with the principles and applications of tools for data science and an introduction to computational methods."
"Operations Research: Deterministic Systems", "Introduction to major areas of operations research and their application to systems analysis. Linear programming, transportation and transshipment models, elementary network analysis, integer programming, and related topics."
"Operations Research: Stochastic Systems", "Markov chains, dynamic programming, queuing theory, simulation, forecasting, game theory, simple stochastic models, and their relation to selected problems."
"Simulation Modeling and Analysis", "Simulation of complex deterministic/stochastic systems. Random number generation. Input and output analyses. Spreadsheet simulations Design of simulation experiments. Applications in manufacturing, supply-chain, networks, military, health care, service systems."
"Special Problems in Industrial Engineering", "Independent study and seminar work under close faculty supervision. Discussion of advanced topics in preparation for graduate work."
"Special Problems in Industrial Engineering", "Independent study and seminar work under close faculty supervision. Discussion of advanced topics in preparation for graduate work."
"Industrial and Systems Engineering Capstone Design I", "Application of engineering skills using a team-based approach. Design process methodology and communication of solutions to real-world engineering problems. First of a two-course sequence."
"Industrial and Systems Engineering Capstone Design II", "Application of engineering skills using a team-based approach. Design process methodology and communication of solutions to real-world engineering problems. Second of a two-course sequence."
"Introduction to Human Factors and Ergonomics", "A study of human capabilities and their interactions with the systems where they perform their jobs to help engineers and psychologists to optimize design, improve jobs, and enhance system performance."
"Facilities Planning and Material Handling", "Facility layout, facility location, and material handling topics including system requirements, planning, performance analysis, equipment, and economic considerations. Applications include facilities for manufacturing, distribution, healthcare, and service industries."
"Product Design for Manufacture", "Techniques for analyzing product structures for ease of assembly and manufacture. Manual, robot, and high-speed mechanized assembly systems considered for mechanical and electronic products. Covers choice of material and processes in early design."
"Production System Design", "Stochastic and deterministic models of production and inventory systems. Push and pull production control systems. Manufacturing system design, scheduling, material handling and facility layout."
"Product Design for the Environment", "Principles and practices of designing more environmentally beneficial products. Environmental effects. Life cycle analysis, recycling and remanufacturing. Design for disassembly and environment. Group projects on product and process design using LCA and DFE analysis tools."
"Solar Energy Systems", "The study of renewables via solar energy systems. Methods, economic criteria, and background for assessing the systems of solar energy conversion technologies both in local and international settings."
"Special Problems", "Advanced work under the supervision of a member of the faculty and arranged to suit the individual requirements of the student."
"Special Problems", "Advanced work under the supervision of a member of the faculty and arranged to suit the individual requirements of the student."
"Project Planning and Management in Systems Engineering", "Presents the tools and processes to help plan and manage real-world systems engineering projects including network planning, scheduling, analysis, synthesis; critical path method/PERT; computer-aided planning; and other contemporary tools."
"Quality Systems", "Topics in statistical quality control systems. Single, multiple, and sequential sampling. Design and analysis of a wide variety of statistical control systems used in conjunction with discrete and continuous data, for several kinds of data emission."
"Human Factors & Ergonomics", "A study of human capabilities, mental and physical, and their interactions within the systems where they perform their jobs to help optimize design, improve jobs, and enhance system performance."
"Human Systems Engineering", "A study of human capabilities via mental processing and decision making models where students will learn to develop, use, and validate models of human cognitive performance for individuals and teams."
"Systems Simulation", "Simulation of random processes and systems. Continuous and discrete simulation models. Data structures and algorithms for simulation. Generation of random variates, design of simulation experiments for optimization and validation of models and results. Selected engineering applications."
"Advanced Statistical Methods for Research and Industry", "Describing and analyzing data, design of experiments, analysis of variance, regression analysis and applications in industry and applied science research."
"Production Control and Inventory Systems", "Theory and practice of industrial production control and inventory systems. A broad spectrum of mathematical models for static, dynamic, perpetual, and periodic inventory systems as they affect and relate to production."
"Advanced Materials Processing", "Continuation of 340. Engineering analyses in the processing of materials. Dynamic coupling, tool-work-piece interaction, energy and thermal analysis; mechanics of material removal and displacements; advanced topics in mechanical electrical systems for processing of materials."
"Introduction to Computer-Aided Manufacturing", "Use of computers in manufacturing. Solid modeling principles and applications. Numerical and adaptive control. CNC programming. Introduction to rapid manufacturing."
"Fundamentals of Machining", "Fundamental treatment of the mechanics and economics of metal machining and grinding. Includes an introduction to numerical control and computer-aided programming of CNC machine tools."
"Automatic Assembly Systems", "Types and economics of automatic assembly systems. Analysis of automatic feeding and orienting techniques for small parts. Application of robots in assembly. Economics of assembly systems for printed circuit boards."
"Manufacturing Systems: Analysis, Design, Simulation", "Problems in system analysis and design as related to modern manufacturing. Quantitative models and simulation methods for manufacturing planning, control scheduling, flexible manufacturing and highly automated manufacturing systems."
"Advanced Metal Deformation Processes", "Theory of metal flow under different loading conditions. Prediction of metal forming process capabilities. Advanced topics include effects of anisotropy and mechanics of powder forming."
"Advanced Product Design for Manufacture", "Techniques for analyzing product structures for ease of assembly and manufacture. Considers mechanical and electronic products and choice of materials and processes. A design project and term paper are required."
"Design for Producibility", "Project work on product development, collaboration with industry, and submission of design project report. Concentration on effect of design decisions on manufacturing efficiency and cost."
"Lean Systems", "Advanced study of enterprise system design including application of lean principles to service industries. Specific topics include lean manufacturing, waste elimination, reduction of cycle and set-up times, reconfigurable systems, quality and performance analysis."
"Deterministic Systems Optimization", "Linear, nonlinear and integer formulations and solutions. Sensitivity analysis and pricing problems; degeneracy and duality; decomposition methods for large-scale systems; use of mathematical programming languages and applications."
"Special Problems", "Advanced work under supervision of a faculty member arranged to suit the individual requirements of the student."
"Special Problems", "Advanced work under supervision of a faculty member arranged to suit the individual requirements of the student."
"Master's Thesis Research", "Number of credits is determined each semester in consultation with the major professor or program committee."
"Design and Analysis of Experiments", "Advanced topics in the design and analysis of experiments: factorial designs, blocking and confounding in factorial designs, fractional factorial designs, response surface methods and designs, nested and split-plot designs, other design and analysis topics."
"Nonlinear Systems Optimization", "Methods of optimization: indirect, direct elimination, climbing. Geometric programming. Problems and other topics in applied optimization."
"Advanced Special Problems In Industrial Engineering", "Advanced work under the supervision of a faculty member arranged to suit the individual requirements of the student."
"Advanced Special Problems in Industrial Engineering", "Advanced work under the supervision of a faculty member arranged to suit the individual requirements of the student."
"Doctoral Dissertation Research", "Number of credits is determined each semester in consultation with the major professor or program committee. S/U only."
"Engineering Graphics", "Introduction to the principles of graphic representation in engineering design, with emphasis on computer-aided drafting, orthographic projection, isometric and auxiliary views, sections, dimensioning, and rapid prototyping."
"Statics", "Newton's laws of force systems in equilibrium and their effects on particles, systems of particles, and rigid bodies. Both scalar and vector methods of analysis are developed."
"Statics", "Statics. Newton's laws of force systems in equilibrium and their effects on particles, systems of particles, and rigid bodies. Both scalar and vector methods of analysis are developed."
"Dynamics", "Kinematic and kinetic study of motion of particles, systems of particles, and rigid bodies, acted upon by unbalanced force systems, using both scalar and vector methods; development of methods of analysis based on the direct application of Newton's laws, work-energy and impulse-momentum principles."
"Application of Mechanics in Design", "Concepts of engineering design, material selection, failure theories, fracture and fatigue, and finite-element analysis. Application to the design of mechanical components such as shafts, bolts, welded joints, and springs."
"Design of Machinery", "Analysis and design of mechanisms and machine elements including linkages, gear trains, cam-follower systems, bearings, brakes and clutches, flexible mechanical elements, and intermittent and other devices. Graphical, analytical and computer-aided synthesis techniques."
"Introduction To Mechanical Engineering Experimentation", "Report writing, computer-assisted data acquisition and control, statistical and other measures of data uncertainty, propagation of uncertainty, curve fitting. Introduces basic instrumentation for measuring pressure, temperature, velocity and strain."
"Fundamentals of Thermodynamics", "Basic principles and laws of thermodynamics and their relation to pure substances, ideal gases, and real gases. Use of thermodynamic property tables. Development of concepts of reversibility and availability. First and Second Law application to engineering systems; power and refrigeration cycles."
"Heat and Mass Transfer", "Transfer of heat by conduction, convection, and radiation in steady and unsteady states. Theory and application of dimensional analysis; heat and mass transfer in equipment such as heat exchangers and steam condensers."
"Fluid Mechanics", "Physical properties of fluids, development of continuity, energy, and momentum concepts using vector methods; application to problems involving viscous and nonviscous fluids including boundary layer flows, flows in closed conduits and around immersed bodies."
"System Dynamics", "Systems analysis emphasizing control and vibration. Time and frequency domain techniques. Modeling of typical mechanical, hydraulic, pneumatic, and thermal systems. Transfer functions and block diagram methods. Elementary control laws."
"Engineering Analysis", "Application of advanced mathematical methods and computer software to solution of mechanical engineering problems with emphasis on the techniques of engineering analysis."
"Mechanical Engineering Capstone Design I", "Application of engineering skills using a team-based approach. Design process methodology and communication of solutions to real-world engineering problems. First of a two-course sequence."
"Mechanical Engineering Capstone Design I", "Mechanical Engineering Capstone Design I. Application of engineering skills using a team-based approach. Design process methodology and communication of solutions to real-world engineering problems. First of a two-course sequence."
"Mechanical Engineering Capstone Design II", "Application of engineering skills using a team-based approach. Design process methodology and communication of solutions to real-world engineering problems. Second of a two course sequence."
"Mechanical Engineering Capstone Design II", "Mechanical Engineering Capstone Design II. Application of engineering skills using a team-based approach. Design process methodology and communication of solutions to real-world engineering problems. Second of a two course sequence."
"Probability and Statistics for Engineers", "Introduction to probability and statistics in engineering applications including data analysis, probability theory, probability distributions, sampling distributions, statistical inference, hypotheses testing, confidence intervals, analysis of variance, and receiver operating characteristics."
"Mechanical Engineering Experimentation", "Course aims to build on foundation from MCE 313 and to apply experimental tools to topics from the two main emphasis areas in the undergraduate curriculum, mechanical systems and thermal systems."
"Advanced Mechanics of Materials", "Introduction to continuum mechanics: stress, strain and deformation, constitutive equations. Theories of failure. Shear center and unsymmetrical bending of beam. Curved beams. Energy method. Torsion."
"Control Systems", "An introduction to feedback control systems. PID control, time/frequency response, stability and performance specifications, root locus, Bode plot, lead/lag compensator, state-space design, and applications to typical electro-mechanical systems."
"Mechatronics", "Design of microprocessor-controlled electromechanical systems. Topics covered include: real-time programming, motion control elements, interfacing of sensors and actuators, basic electronics, and microprocessor architecture."
"Heating, Ventilation, and Air Conditioning", "Application of the principles of thermodynamics and heat transfer to environmental problems. Topics will include thermal control of living spaces, solar heating and cooling, heat pumps, minimum energy consumption."
"Turbomachinery Design", "Application of the principles of thermodynamics and fluid mechanics to the design of rotating machinery such as turbines, compressors, centrifugal and axial flow pumps."
"Internal Combustion Engines", "Principles, design, and operation of internal combustion engines, including cycles, combustion, fuels, detonation, carburetion, cooling, supercharging, ignition, friction, and lubrication. Gasoline and diesel, two- and four-stroke cycles, and performance of various engines including the Wankel rotary."
"Mechanics of Composite Materials", "Introduction to the basic concepts of the mechanical behavior of composite materials. Analysis and performance of fiber-reinforced composites. Special design considerations and experimental characterization of composites."
"Product Design for Manufacture", "Techniques for analyzing product structures for ease of assembly and manufacture. Manual, robot, and high-speed mechanized assembly systems considered for mechanical and electronic products. Covers choice of material and processes in early design."
"Tribology", "Introductory course on the basic principles of tribology (friction, wear, lubrication); fundamentals of surface contact; friction theories; wear mechanisms; temperature considerations in sliding contacts; lubrication regimes; materials selection; design of bearings; advanced applications; experimental analysis."
"Advanced Fluid Mechanics", "Analysis and computation of steady flows involving practical geometries. Comparisons between the exact and numerical solutions. Laminar and turbulent flows including boundary layers, flow separation, and three-dimensionality."
"Foundations of Robotics", "The course provides the theoretical background to formulate and address problems in robotics. Its objective is to give a basic understanding of robot kinematics, sensing, actuation, localization, control, and planning."
"Product Design for the Environment", "Principles and practices of designing more environmentally beneficial products. Environmental effects. Life cycle analysis, recycling and remanufacturing. Design for disassembly and environment. Group projects on product and process design using LCA and DFE analysis tools."
"Vibrations", "Elementary theory of mechanical vibrations, including the one-degree-of-freedom system, multimass systems, vibration isolation, torsional vibration, beam vibration, critical speeds, and vibration instruments."
"Introduction to Finite Element Method", "Application of the finite element method to problems in mechanical engineering including plane elasticity, heat transfer, and fluid mechanics. Basic concepts, matrix formulation, interpolation functions, basic element types, and implementation to problem solution."
"Nuclear Reactor Engineering", "Energy production from nuclear reactions, cross sections, number density, and binding energy. Fission process, neutron life cycle, criticality, neutron diffusion, reactor design, reactor kinetics and control, reactivity feedback, nuclear system design."
"Power Plant System Design and Safety Analysis", "Energy production, power systems, energy conversion system design, safety engineering and design, phenomenological modeling and analysis, probabilistic risk assessment, risk-informed design, advanced power plant systems design."
"Nuclear Fuel Cycle and Performance", "Analysis and design of stages of the nuclear fuel cycle including mining, milling, conversion, enrichment, fuel fabrication, fuel burn-up, spent fuel interim storage, reprocessing, safety and aspects of high level waste."
"Nuclear Reactor Thermal-Hydraulics", "Nuclear heat generation, decay heat, heat transport, and conductive, convective, and phase change heat removal in nuclear reactor systems."
"Mechanics of Materials in Nuclear Applications", "Nuclear systems, material microstructure and mechanical properties, high temperature deformation mechanisms, radiation effects, reactor materials, materials selection for primary and secondary cycles."
"Solar Thermal Engineering", "Course covers principles of solar radiation, natural and forced convection, radiation characteristics of materials, and applications to flat-plate and concentrating collectors, and tools designed for passive and active solar heating/cooling systems."
"Special Problems", "Advanced work under the supervision of a faculty member arranged to suit the individual requirements of the student."
"Special Problems", "Advanced work under the supervision of a faculty member arranged to suit the individual requirements of the student."
"Graduate Seminar", "Seminars and discussions presented by faculty members of academia and industry. Attendance is required of all students in graduate residence."
"Graduate Seminar", "Seminars and discussions presented by faculty members of academia and industry. Attendance is required of all students in graduate residence."
"Linear Control Systems", "State-variable description of continuous-time and discrete-time systems, matrices and linear spaces, controllability and observability, pole-placement methods, observer theory and state reconstruction, MATLAB exercises for simulation and design."
"Optimal Control Theory", "Quadratic performance indices and optimal linear control, frequency response properties of optimal feedback regulators, state estimation, separation theorem, optimal control of nonlinear systems, Pontryagin's minimum principle."
"Advanced Kinematics I", "Analytical kinematic and dynamic analysis of planar mechanisms, graph theory, topological synthesis, topological analysis, Burmester theory, mechanism design software."
"Real-Time Monitoring and Control", "Fundamentals of the development of real-time software for monitoring and control. Mechanical systems computer interfacing, timing, cooperative and preemptive scheduling, distributed control, RTOS, and embedded control. Laboratory exercises."
"Vibration-Based Structural Health Monitoring", "Linear and nonlinear vibration signal analysis for the health monitoring of machines and structures; linear/nonlinear signal processing; damage sensitive features extraction; pattern recognition; damage detection, diagnosis and prognosis."
"Mechanical Engineering Systems", "Modeling and simulation of typical mechanical, thermal, fluid and electromechanical elements found in mechanical engineering systems. Feedback control concepts. Control software structures, and software implementation of control systems."
"Advanced Thermodynamics I", "Advanced study of classical thermodynamics with emphasis on basic concepts, laws, and thermodynamic relationships. Selected topics of current interest including areas of irreversible thermodynamics, statistical mechanics, and the thermodynamics of solids."
"Heat Transfer", "Conduction in two and three dimensions and conducting systems with radiation and fluid motion. Solutions obtained by mathematics, computer-numerical methods, and analog devices."
"Convection Heat Transfer", "Relationship between heat transfer and fluid flow with emphasis on the solution of governing equations by exact methods, integral methods, and similarity techniques."
"Advanced Product Design for Manufacture", "Techniques for analyzing product structures for ease of assembly and manufacture. Considers mechanical and electronic products and choice of materials and processes. A design project and term paper are required."
"Continuum Mechanics", "Foundations for advanced studies in mechanical and thermal behavior of solids and fluids. Cartesian and general tensors, small and large deformation theory, Cauchy and Piola-Kirchhoff stress, conservation principles, constitutive laws with applications to materials of engineering interest."
"Fluid Mechanics I", "Basic treatment of real fluid flows using the continuum mechanics approach. Exact solutions of the governing equations. Laminar shear flows and boundary layer theory, turbulent transition."
"Advanced Experimental Methods", "Theory and application of various experimental techniques used in fluid mechanics, solid mechanics, and tribology. Emphasis on mechanical and chemical methods of wear detection, and strain and optical techniques of stress evaluation."
"Computational Methods in Solid Mechanics", "Finite and boundary element methods based on variational and weighted residual concepts implementation to statis and dynamic field problems in elasticity, plasticity, and heat conduction."
"Computational Methods in Fluid Flow and Heat Transfer", "Computational techniques and applications for practical problems concerning multidimensional fluid flow, heat and mass transfer, and chemical reactions."
"Advanced Dynamics", "Newtownian mechanics, motion in rotating coordinate systems, Lagrange's Mechanics, Hamilton's principle. Variational methods, nonconservative and nonholonomic systems; matrix-tensor specifications of rigid body motions, normal coordinates. Hamilton's equation of motion, canonical transformation, Hamilton-Jacobi theory."
"Advanced Vibrations", "Theory of vibration of lumped-parameter multi-degree-of-freedom systems; distributed-parameter systems: exact and approximate solutions; nonlinear and random vibrations. Experimental methods and design procedures."
"Wave Motion and Vibration of Continuous Media", "Wave motion and vibrations of strings, rods, beams, plates, and membranes; dynamic elasticity theory; Rayleigh surface waves; solutions using separation of variables and integral transforms."
"The Mechanics of Robot Manipulators", "Detailed analysis of the kinematics, dynamics, and control of industrial-type robot manipulator systems."
"Experimental Nonlinear Dynamics", "Fundamentals of the experimental analysis of nonlinear dynamical systems; mathematical concepts and algorithmic tools to characterize, analyze, model, and predict dynamics of nonlinear systems."
"Theory of Plates", "Development of basic plate equations. Classical solution examples of rectangular and circular plates. Additional topics selected from orthotropic plates, large deflections, finite element, and numerical solutions."
"Theory of Elasticity I", "Development of the basic field equations; general concepts of stress and strain; generalized Hooke's law; plane problems; stress functions; Saint Venant torsion and flexure; introduction to three-dimensional problems."
"Fracture Mechanics", "Fundamentals of linear and nonlinear materials behavior, linear elastic fracture mechanics, stress analysis and energy viewpoints, two- and three-dimensional problems, elastic-plastic considerations, dynamic and time-dependent fracture, fatigue crack growth, micro-mechanics of fracture processes, experimental techniques, application to design."
"Seminar In Sensors And Surface Technology", "Students, faculty, and invited outside speakers present and discuss selected topics related to research interests of the Sensors and Surface Technology Partnership."
"Seminar in Sensors and Surface Technology", "Students, faculty, and invited outside speakers present and discuss selected topics related to research interests of the Sensors and Surface Technology Partnership."
"Micro/Nanoscale Energy Transport", "Fundamentals and applications of energy transport at micro/nanoscale, including equilibrium statistics, Boltzmann transport equation, and nano/microscale heat conduction and radiation, with applications in contemporary technologies."
"Solar Thermal Engineering", "Course covers principles of solar radiation, radiation characteristics of materials, and applications to flat-plate and concentrating collectors, and tools designed for passive and active solar heating/cooling systems. A research paper and presentation are required."
"Adaptive Control for Robotic Systems", "Classical adaptive control theory, including Lyapunov stability, parameter identification, model reference adaptive control, adaptive pole placement, robust adaptive control, and their applications in robotic manipulators and autonomous mobile robots."
"Special Problems", "Advanced work under the supervision of a faculty member arranged to suit individual requirements of the student. May be repeated for a maximum of 6 credits."
"Special Problems", "Advanced work under the supervision of a faculty member arranged to suit individual requirements of the student. May be repeated for a maximum of 6 credits."
"Master's Thesis Research", "Number of credits is determined each semester in consultation with the major professor or program committee."
"Fluid Mechanics II", "Continuation of 551, including turbulent modeling, turbulent shear flows and boundary layers, incompressible irrotational flows, and selected topics such as an introduction to non-Newtonian fluid behavior, geophysical flows, or numerical methods."
"Nonlinear Dynamics", "Nonlinear dynamics theory and its applications to mechanical, chemical, electromagnetic or biological oscillators; stability, phase analysis, limit cycles, bifurcations, perturbation methods, chaos, fractals, strange attractors and other advanced topics."
"Theory of Elasticity II", "Continuation of 571; advanced topics selected from complex variable methods; anisotropic solutions; thermoelasticity; displacement potentials and stress functions for three-dimensional problems; micromechanics modeling; variational, approximate, and numerical methods."
"Micromechanics", "Mechanics of material behavior from the micro structural viewpoint; physical mechanisms of deformation and fracture; continuum mechanics and thermodynamics; rheological classification of solids; thermodynamics and viscoelasticity; plasticity and viscoplasticity; damage mechanisms; applications to metals, ceramics and composites."
"Theory of Plasticity", "Uniaxial behavior of plasticity; perfect plasticity, plastic potential; work-hardening materials, loading surface and loading rules, flow rules; tress-strain relationships; nonlinear kinematic hardening models; foundation of state-variable approaches, viscoplasticity; applications to engineering materials."
"Advanced Topics in Solid Mechanics", "Advanced studies in the mechanics of solids with specific topics determined by current department interests. Designed for students with at least one year of previous graduate studies."
"Special Problems", "Advanced work under the supervision of a faculty member arranged to suit the individual requirements of the student."
"Special Problems", "Advanced work under the supervision of a faculty member arranged to suit the individual requirements of the student."
"Doctoral Dissertation Research", "Number of credits is determined each semester in consultation with the major professor or program committee."
"Reactor Operations I", "Research reactor theory and operations, fundamentals of fission chain reacting systems, reactivity and feedback, fundamentals of radiation safety and protection, application of radiation measurement instruments."
"Reactor Operations II", "Hands-on reactor operation, control rod analysis for approach to criticality, reactor cooling system operational analysis, application of radiation measurement instruments. Second of a two-course sequence."
"Nuclear Reactor Engineering", "Energy production from nuclear reactions, cross sections, number density, and binding energy. Fission process, neutron life cycle, criticality, neutron diffusion, reactor design, reactor kinetics and control, reactivity feedback, nuclear system design."
"Power Plant System Design and Safety Analysis", "Energy production, power systems, energy conversion system design, safety engineering and design, phenomenological modeling and analysis, probabilistic risk assessment, risk-informed design, advanced power plant systems design."
"Nuclear Fuel Cycle and Performance", "Analysis and design of stages of the nuclear fuel cycle including mining, milling, conversion, enrichment, fuel fabrication, fuel burn-up, spent fuel interim storage, reprocessing, safety and aspects of high level waste."
"Nuclear Reactor Thermal-Hydraulics", "Nuclear heat generation, decay heat, heat transport, and conductive, convective, and phase change heat removal in nuclear reactor systems."
"Measurements in Nuclear Engineering", "Experimental methods in nuclear engineering including radiation detection and measurement experiments, reactor control and reactivity experiments."
"Introduction to Radiation Physics and Dosimetry", "Basic principles of radiation physics: radioactivity, the physics of ionizing radiation, radiation dosimetry, imaging equipment, radiation therapy equipment and radiation detectors."
"Radiation Detection, Instrumentation and Data Analysis", "Provide the student a base knowledge of radiation detection as it pertains to radiation therapy, diagnostic imaging, and nuclear medicine."
"Introduction to Ocean Engineering", "Overview of ocean engineering topics pointing out the common areas with other engineering branches but emphasizing specific ocean applications."
"Ocean Engineering Design Tools", "An introduction to design and analysis tools for ocean engineering including computer aided design (CAD) in two- and three-dimensions, circuit layout and analysis, hydrodynamic modeling, mathematical computation, visualization, and algorithm development."
"Ocean Measurements and Instrumentation", "Ocean measurement and instrumentation exercises using boats and laboratories. Includes acceleration, force, wave characteristics, and sediment properties. Application of several techniques related to data sampling and signal processing."
"Computer Programming for Ocean Engineers", "Computer programming, with an emphasis on ocean engineering problems; developing codes in MATLAB /Python, covering standard topics including algorithms, procedural programming, OOP, conditional statements, Inputs/Outputs, Monte-Carlo methods, and optimization problems."
"Fundamentals of Ocean Mechanics", "Mathematical methods for the analysis of ocean phenomena; Fourier analysis; partial differential equations for modeling water wave and underwater acoustics; vector calculus in wave mechanics; fundamental probability theory and applied statistics."
"Basic Ocean Measurement", "Basic ocean measurement and instrumentation exercises using boats and laboratories. Includes cruise design, navigation and mapping systems, sonar systems, water quality sensors, wave spectra, computer data acquisition, and signal processing."
"Coastal Measurements And Applications", "Exercises in basic coastal measurement from vessels, in situ, and in the laboratory. Experiments in measuring currents, surface elevation, wave and wave forces, geotechnical properties and applications, and acoustic propagation."
"Hydrodynamics Laboratory for Ocean Engineers", "Supplemental fluid mechanics and hydrodynamics laboratory for ocean engineers enrolled in fluid mechanics. Covers topics in model testing, force coefficients, potential flow, lifting surfaces, and external fluid flows."
"Robotic Ocean Instrumentation Design", "Design of robotic ocean instrumentation systems featuring team-based, hands-on projects. Includes power, sensor, communication, propulsion and control system design for remotely operated and autonomous ocean instruments and underwater vehicles."
"Design Applications in Ocean Engineering", "Application of fundamental design principles for an ocean floating structure. Incorporation of regression analysis, hydrostatic analysis, structural mechanics, and environmental loading in an ocean system concept design.2, Lab. 1) "
"Introduction to Engineering Wave Mechanics and Littoral Processes", "Description of coastal area. Linear wave theory and applications. Sediment transport and beach dynamics. Coastal protection methods. Coastal engineering problem solving with Matlab."
"Ocean Engineering Professional Practice", "Introduction to professional practice in Ocean Engineering, including contemporary issues in the field, career planning and placement, life long learning strategies, professional licensure process, publication and presentation, and project management."
"Coastal Structure Design", "Review of wave mechanics; design breaker; probability and random variables; probabilistic wave elevation height models; short-term and long-term wave statistics; probability distribution models for extreme events; selection of design waves and water levels; wave run-up and overtopping; design of rubble mound structures; design of vertical breakwaters/seawalls; wave forces on vertical piles."
"Offshore Structure Design", "Introduction to offshore structures, structural modeling, structural dynamic analysis, structural design for storms, structural design against fatigue failure."
"Coastal Experiments", "Basic coastal measurement techniques for coastal management. Experimental (field and laboratory) measurements of physical and geological parameters. Major student designed, operated, and reported experiment addressing a practical problem."
"Foundations of Robotics", "The course provides the theoretical background to formulate and address problems in robotics. Its objective is to give a basic understanding of robot kinematics, sensing, actuation, localization, control, and planning."
"Design of Remotely Operated Vehicles", "This course will provide the students with the fundamental elements of remotely operated vehicle (ROV) design, and the specifics of ROV components."
"Underwater Acoustics", "Vibrations, the acoustic wave equation, duct acoustics, and sound pressure levels and spectra. Underwater acoustics including transducers, arrays, surface and bottom scattering, and ray propagation."
"Sonar Systems Design", "Fundamentals of design of sonar systems. Effects of sound propagation in deep and shallow oceans, noise, scattering on system performance. Array, transducer, and signal design. Passive and active sonar applications."
"Shallow Foundations", "Applications of geotechnical engineering principles to analysis and design of shallow foundations. Foundation types, lateral earth pressures, bearing capacity, settlement, gravity retaining walls, cantilever sheet pile walls."
"Special Problems I", "Advanced work under the supervision of a faculty member arranged to suit the individual requirements of the student."
"Special Problems II", "Advanced work under the supervision of a faculty member arranged to suit the individual requirements of the student."
"Ocean Systems Design Project I", "Capstone design of an ocean system under the direction of a faculty advisor. Project must include engineering, economic, environmental, safety, and societal considerations. This is first of a two-course ocean engineering design sequence."
"Ocean Systems Design Project II", "Capstone design of an ocean system under the direction of a faculty advisor. Project must include engineering, economic, environmental, safety, and societal considerations. This is second of a two-course ocean engineering design sequence."
"Ocean Engineering Design Studies", "Off-campus ocean engineering design studies. Must include significant hands-on (laboratory or field) experience, use of engineering design tools, and the design, development, test and evaluation of hardware/software systems."
"Numerical Models and Data Analysis in Ocean Sciences", "An introduction to numerical methods in all disciplines of oceanography and ocean engineering. Topics include model formulation, analysis, and simulation; data analysis and parameter estimation. Problem solving with Matlab and C in the weekly computer laboratory."
"Engineering Ocean Mechanics", "Fundamental equations of estuarine and coastal hydrodynamics. Scaling of governing equations. Long period waves including seiches, tides, storm surges, and tsunamis. Wind- and estuarine-induced circulation. Pollutant and sediment transport."
"Ocean Waves and Storm Surge Modeling", "Wind wave generation, evolution, and dissipation. Statistical description of surface waves. Interaction between waves and currents. Wave prediction models. Observational methods of waves. Storm surge models and prediction."
"Ocean Renewable Energy", "Introductory topics related to global ocean renewable energy, including fundamentals of hydrokinetic, tidal, and wave energy, leading energy devices, and more advanced topics including resource assessment and environmental interactions."
"Engineering Wave Mechanics and Nearshore Processes", "Linear water wave boundary value problem. Engineering wave properties. Nonlinear waves (long waves, Stokes waves, stream function waves). Nearshore hydrodynamics and wave breaking. Fully nonlinear transient waves."
"Biomimetics in Ocean Engineering", "Biologically-inspired design mechanics in ocean engineering applications. Topics include unsteady propulsion (fish swimming), dynamic lift, high-speed maneuvering, energy extraction, drag reduction, and optimization."
"Fluid-Structure Interactions and Floating Body Dynamics", "Covers fundamental concepts and specific topics related to general fluid structure interactions including floating body dynamics and flow-induced vibrations."
"Dynamics of Waves and Structures", "Deterministic analysis for SADOF structures; MDOF dynamic analysis; distributed-parameter systems; linear and second-order Stokes wave theories; wave forces on cylinders; chaotic vibration of marine structures."
"Corrosion and Corrosion Control", "Chemical nature of metals, electrochemical nature of corrosion. Types of corrosion, influence of environment, methods of corrosion control. Behavior of engineering materials in corrosion with emphasis on industrial and ocean environments."
"Ocean Systems Engineering", "Introduction to the design of systems for use in the ocean environment with emphasis on interaction of various subsystem disciplines to achieve total system performance characteristics. Introduction to detection, localization, classification and time measurement strategies including Global Positioning system, underwater Acoustics Positioning and control, wireless acoustic and electromagnetic communication, and remote time transfer. Examples will include mobile, fixed, autonomous, distributed and networked sensors."
"Modern Oceanographic Imaging and Mapping Techniques", "Overview of current imaging and mapping techniques used in oceanography and ocean engineering including; photographic and laser imaging, side scan and multibeam sonar; underwater vehicle navigation and map making."
"Introduction to Data Collection Systems", "Practical problems of data collection. Probes and sensors, interfaces, signal conditioning, and storage. Examples found among the current research areas within ocean engineering will be emphasized."
"Introduction to the Analysis of Oceanographic Data", "Design of oceanic experiments to determine spatial and temporal sampling rate, precision, accuracy, signal-to-noise ratio, etc. Description of typical ocean data collection and analysis systems. Development of relevant techniques."
"Modeling, Simulation and Control of Marine Vehicles", "Design of control systems for surface and underwater vehicles; Development of linear and nonlinear maneuvering models; heading and sea-keeping autopilots; waypoint navigation; thruster and control surface modeling.3) "
"Ocean Laboratory I", "Measurements, experiments, operation of apparatus in the ocean and in the laboratory. Statistical theory, planning multivariable experiments, checking of data, etc."
"Underwater Acoustics I", "Introduction to sound generation, transmission, and reception, including vibration of mechanical systems, acoustic waves in fluids, acoustic transducers and arrays, acoustic propagation in the ocean, and sonar systems."
"Underwater Acoustic Transducers", "Theory, design, and calibration of electroacoustical transducers including dynamical analogies and equivalent circuits, piezoelectric and magnetostrictive materials, transmitting and receiving responses, reciprocity and acoustic measurements."
"Marine Bioacoustics", "Introduction to marine mammal hearing, sound production, and the uses of sound for communication and echolocation; dolphin sonars; analysis and processing of marine mammal signals including passive tracking; the effects of noise on marine mammals."
"Experimental Geomechanics", "Advanced methods and techniques of geotechnical testing. Behavior of granular and cohesive soils with determination of engineering properties. Interpretation, evaluation, and engineering applications of test data. Emphasis on shearing strength, consolidation, bearing capacity, earth pressures, seepage, and slope stability."
"Marine Geotechnics", "Geotechnical engineering principles as applied to marine problems. Site survey and in-situ testing, soil properties, shallow foundations and deadweight anchors, piles and pile anchors, direct and drag embedment anchors, scour."
"Deep Foundations", "Applications of soil mechanics principles to analysis and design of piles and drilled shafts under vertical and lateral loading. Static and dynamic load testing. Introduction to ground improvement technologies."
"Special Problems", "Advanced work under the supervision of a faculty member arranged to suit the individual requirements of the student."
"Special Problems", "Advanced work under the supervision of a faculty member arranged to suit the individual requirements of the student."
"Master's Thesis Research", "Number of credits is determined each semester in consultation with the major professor or program committee."
"Ocean Engineering Seminar", "Seminar discussions including presentation of papers based on research or literature survey."
"Analysis of Oceanographic Data Systems", "Design of systems for deep-ocean and estuarine data collection and processing. Space-time sampling, multivariate analysis, and convergence of moments as applied to ocean data estimation and system design. Current topics in ocean data systems."
"Underwater Acoustics II", "Sound transmission in ocean, transducers, active signal design for range and Doppler resolution, ambient and platform noise, classical and wave vector-frequency methods of beamforming, adaptive beamforming, characteristics of targets, and active/passive sonar systems."
"Advanced Course in Underwater Acoustic Propagation", "Analysis of propagation from a concentrated acoustic source in the ocean by methods such as advanced normal mode theory, numerical integration, and Fast Fourier Transforms. Applications to ocean features such as surface ducts, shadow zones, deep-sound channel, etc."
"Acoustic Radiation from Underwater Vibrators", "Fundamentals of acoustic radiation from submerged structures. Radiation from planar, cylindrical, and spherical surfaces. In-vacuo and in-fluid vibration of elastic bodies. Acoustic coincidence and fluid-loading effects on radiation from elastic bodies."
"Statistical Sonar Signal Processing", "Basic results in probability and statistics, signal processing, and underwater acoustics are applied to the design of detection, estimation, and tracking in active sonar, passive sonar, and underwater acoustic communication."
"Special Problems", "Advanced work under supervision of a faculty member arranged to suit the individual requirements of the student."
"Special Problems", "Advanced work under supervision of a faculty member arranged to suit the individual requirements of the student."
"Doctoral Dissertation Research", "Number of credits is determined each semester in consultation with the major professor or program committee."
